"","as.numeric.trace_rts.","prm_traces"
"459.3044",212.05000000002,10
"459.3135",212.05000000002,10
"793.7729",212.05000000002,10
"1087.6075",212.05000000002,10
"459.3074",212.05000000002,10
"459.3104",212.05000000002,10
"459.3165",212.05000000002,10
"793.7689",212.05000000002,10
"793.7768",212.05000000002,10
"1087.6029",212.05000000002,10
