"","as.numeric.trace_rts.","prm_traces"
"800.435",175.18399999998,10
"800.455",175.18399999998,10
"205.8303",175.18399999998,5
"362.0274",175.18399999998,5
"433.1046",175.18399999998,5
"621.3582",175.18399999998,5
"800.2431",175.18399999998,5
"800.391",175.18399999998,5
"205.8323",175.18399999998,5
"362.0247",175.18399999998,5
